model,threshold,accuracy,auc,f1,precision,recall,sensitivity,specificity,youden_j,tp,fp,tn,fn
GNN+CEFAM (Full Hybrid),0.05,0.5,0.91125,0.6666666666666666,0.5,1.0,1.0,0.0,0.0,80,80,0,0
GNN+CEFAM (Full Hybrid),0.1,0.5,0.91125,0.6666666666666666,0.5,1.0,1.0,0.0,0.0,80,80,0,0
GNN+CEFAM (Full Hybrid),0.15,0.5,0.91125,0.6666666666666666,0.5,1.0,1.0,0.0,0.0,80,80,0,0
GNN+CEFAM (Full Hybrid),0.2,0.5,0.91125,0.6666666666666666,0.5,1.0,1.0,0.0,0.0,80,80,0,0
GNN+CEFAM (Full Hybrid),0.25,0.50625,0.91125,0.6694560669456068,0.5031446540880503,1.0,1.0,0.0125,0.012499999999999956,80,79,1,0
GNN+CEFAM (Full Hybrid),0.3,0.56875,0.91125,0.6986899563318777,0.5369127516778524,1.0,1.0,0.1375,0.13749999999999996,80,69,11,0
GNN+CEFAM (Full Hybrid),0.35,0.725,0.91125,0.7821782178217822,0.6475409836065574,0.9875,0.9875,0.4625,0.4500000000000002,79,43,37,1
GNN+CEFAM (Full Hybrid),0.39999999999999997,0.8125,0.91125,0.8214285714285715,0.7840909090909091,0.8625,0.8625,0.7625,0.625,69,19,61,11
GNN+CEFAM (Full Hybrid),0.44999999999999996,0.775,0.91125,0.7391304347826088,0.8793103448275862,0.6375,0.6375,0.9125,0.5499999999999998,51,7,73,29
GNN+CEFAM (Full Hybrid),0.49999999999999994,0.7,0.91125,0.6,0.9,0.45,0.45,0.95,0.3999999999999999,36,4,76,44
GNN+CEFAM (Full Hybrid),0.5499999999999999,0.64375,0.91125,0.44660194174757273,1.0,0.2875,0.2875,1.0,0.2875000000000001,23,0,80,57
GNN+CEFAM (Full Hybrid),0.6,0.5875,0.91125,0.2978723404255319,1.0,0.175,0.175,1.0,0.17500000000000004,14,0,80,66
GNN+CEFAM (Full Hybrid),0.65,0.5375,0.91125,0.13953488372093023,1.0,0.075,0.075,1.0,0.07499999999999996,6,0,80,74
GNN+CEFAM (Full Hybrid),0.7,0.5125,0.91125,0.04878048780487806,1.0,0.025,0.025,1.0,0.02499999999999991,2,0,80,78
GNN+CEFAM (Full Hybrid),0.75,0.5,0.91125,0.0,0.0,0.0,0.0,1.0,0.0,0,0,80,80
GNN+CEFAM (Full Hybrid),0.7999999999999999,0.5,0.91125,0.0,0.0,0.0,0.0,1.0,0.0,0,0,80,80
GNN+CEFAM (Full Hybrid),0.85,0.5,0.91125,0.0,0.0,0.0,0.0,1.0,0.0,0,0,80,80
GNN+CEFAM (Full Hybrid),0.9,0.5,0.91125,0.0,0.0,0.0,0.0,1.0,0.0,0,0,80,80
GNN+CEFAM (Full Hybrid),0.95,0.5,0.91125,0.0,0.0,0.0,0.0,1.0,0.0,0,0,80,80
ST-GNN (GNN Only),0.05,0.5,0.6496875,0.6666666666666666,0.5,1.0,1.0,0.0,0.0,80,80,0,0
ST-GNN (GNN Only),0.1,0.5,0.6496875,0.6666666666666666,0.5,1.0,1.0,0.0,0.0,80,80,0,0
ST-GNN (GNN Only),0.15,0.5,0.6496875,0.6666666666666666,0.5,1.0,1.0,0.0,0.0,80,80,0,0
ST-GNN (GNN Only),0.2,0.50625,0.6496875,0.6694560669456068,0.5031446540880503,1.0,1.0,0.0125,0.012499999999999956,80,79,1,0
ST-GNN (GNN Only),0.25,0.5125,0.6496875,0.6722689075630253,0.5063291139240507,1.0,1.0,0.025,0.02499999999999991,80,78,2,0
ST-GNN (GNN Only),0.3,0.525,0.6496875,0.6779661016949152,0.5128205128205128,1.0,1.0,0.05,0.050000000000000044,80,76,4,0
ST-GNN (GNN Only),0.35,0.5375,0.6496875,0.6837606837606837,0.5194805194805194,1.0,1.0,0.075,0.07499999999999996,80,74,6,0
ST-GNN (GNN Only),0.39999999999999997,0.6125,0.6496875,0.7047619047619047,0.5692307692307692,0.925,0.925,0.3,0.2250000000000001,74,56,24,6
ST-GNN (GNN Only),0.44999999999999996,0.5375,0.6496875,0.1777777777777778,0.8,0.1,0.1,0.975,0.07499999999999996,8,2,78,72
ST-GNN (GNN Only),0.49999999999999994,0.53125,0.6496875,0.13793103448275862,0.8571428571428571,0.075,0.075,0.9875,0.0625,6,1,79,74
ST-GNN (GNN Only),0.5499999999999999,0.53125,0.6496875,0.11764705882352941,1.0,0.0625,0.0625,1.0,0.0625,5,0,80,75
ST-GNN (GNN Only),0.6,0.51875,0.6496875,0.07228915662650602,1.0,0.0375,0.0375,1.0,0.03750000000000009,3,0,80,77
ST-GNN (GNN Only),0.65,0.5,0.6496875,0.0,0.0,0.0,0.0,1.0,0.0,0,0,80,80
ST-GNN (GNN Only),0.7,0.5,0.6496875,0.0,0.0,0.0,0.0,1.0,0.0,0,0,80,80
ST-GNN (GNN Only),0.75,0.5,0.6496875,0.0,0.0,0.0,0.0,1.0,0.0,0,0,80,80
ST-GNN (GNN Only),0.7999999999999999,0.5,0.6496875,0.0,0.0,0.0,0.0,1.0,0.0,0,0,80,80
ST-GNN (GNN Only),0.85,0.5,0.6496875,0.0,0.0,0.0,0.0,1.0,0.0,0,0,80,80
ST-GNN (GNN Only),0.9,0.5,0.6496875,0.0,0.0,0.0,0.0,1.0,0.0,0,0,80,80
ST-GNN (GNN Only),0.95,0.5,0.6496875,0.0,0.0,0.0,0.0,1.0,0.0,0,0,80,80
BiCA-HS (Transformer),0.05,0.73125,0.94984375,0.7881773399014779,0.6504065040650406,1.0,1.0,0.4625,0.4624999999999999,80,43,37,0
BiCA-HS (Transformer),0.1,0.7375,0.94984375,0.7920792079207921,0.6557377049180327,1.0,1.0,0.475,0.4750000000000001,80,42,38,0
BiCA-HS (Transformer),0.15,0.74375,0.94984375,0.7960199004975125,0.6611570247933884,1.0,1.0,0.4875,0.48750000000000004,80,41,39,0
BiCA-HS (Transformer),0.2,0.74375,0.94984375,0.7960199004975125,0.6611570247933884,1.0,1.0,0.4875,0.48750000000000004,80,41,39,0
BiCA-HS (Transformer),0.25,0.74375,0.94984375,0.7960199004975125,0.6611570247933884,1.0,1.0,0.4875,0.48750000000000004,80,41,39,0
BiCA-HS (Transformer),0.3,0.75,0.94984375,0.8,0.6666666666666666,1.0,1.0,0.5,0.5,80,40,40,0
BiCA-HS (Transformer),0.35,0.7625,0.94984375,0.8080808080808081,0.6779661016949152,1.0,1.0,0.525,0.5249999999999999,80,38,42,0
BiCA-HS (Transformer),0.39999999999999997,0.79375,0.94984375,0.8290155440414507,0.7079646017699115,1.0,1.0,0.5875,0.5874999999999999,80,33,47,0
BiCA-HS (Transformer),0.44999999999999996,0.8375,0.94984375,0.8602150537634409,0.7547169811320755,1.0,1.0,0.675,0.675,80,26,54,0
BiCA-HS (Transformer),0.49999999999999994,0.9,0.94984375,0.9069767441860466,0.8478260869565217,0.975,0.975,0.825,0.7999999999999998,78,14,66,2
BiCA-HS (Transformer),0.5499999999999999,0.84375,0.94984375,0.8387096774193549,0.8666666666666667,0.8125,0.8125,0.875,0.6875,65,10,70,15
BiCA-HS (Transformer),0.6,0.8125,0.94984375,0.7857142857142857,0.9166666666666666,0.6875,0.6875,0.9375,0.625,55,5,75,25
BiCA-HS (Transformer),0.65,0.775,0.94984375,0.7230769230769232,0.94,0.5875,0.5875,0.9625,0.55,47,3,77,33
BiCA-HS (Transformer),0.7,0.6875,0.94984375,0.5535714285714286,0.96875,0.3875,0.3875,0.9875,0.375,31,1,79,49
BiCA-HS (Transformer),0.75,0.625,0.94984375,0.41176470588235303,0.9545454545454546,0.2625,0.2625,0.9875,0.25,21,1,79,59
BiCA-HS (Transformer),0.7999999999999999,0.5875,0.94984375,0.3125,0.9375,0.1875,0.1875,0.9875,0.17500000000000004,15,1,79,65
BiCA-HS (Transformer),0.85,0.5625,0.94984375,0.2222222222222222,1.0,0.125,0.125,1.0,0.125,10,0,80,70
BiCA-HS (Transformer),0.9,0.53125,0.94984375,0.11764705882352941,1.0,0.0625,0.0625,1.0,0.0625,5,0,80,75
BiCA-HS (Transformer),0.95,0.50625,0.94984375,0.02469135802469136,1.0,0.0125,0.0125,1.0,0.012499999999999956,1,0,80,79
XGBoost (Tabular Only),0.05,0.5,0.878125,0.6666666666666666,0.5,1.0,1.0,0.0,0.0,80,80,0,0
XGBoost (Tabular Only),0.1,0.51875,0.878125,0.6751054852320676,0.5095541401273885,1.0,1.0,0.0375,0.03750000000000009,80,77,3,0
XGBoost (Tabular Only),0.15,0.55625,0.878125,0.6926406926406927,0.5298013245033113,1.0,1.0,0.1125,0.11250000000000004,80,71,9,0
XGBoost (Tabular Only),0.2,0.61875,0.878125,0.7239819004524888,0.5673758865248227,1.0,1.0,0.2375,0.23750000000000004,80,61,19,0
XGBoost (Tabular Only),0.25,0.675,0.878125,0.7547169811320755,0.6060606060606061,1.0,1.0,0.35,0.3500000000000001,80,52,28,0
XGBoost (Tabular Only),0.3,0.725,0.878125,0.78,0.65,0.975,0.975,0.475,0.44999999999999996,78,42,38,2
XGBoost (Tabular Only),0.35,0.75,0.878125,0.7872340425531915,0.6851851851851852,0.925,0.925,0.575,0.5,74,34,46,6
XGBoost (Tabular Only),0.39999999999999997,0.78125,0.878125,0.7999999999999999,0.7368421052631579,0.875,0.875,0.6875,0.5625,70,25,55,10
XGBoost (Tabular Only),0.44999999999999996,0.775,0.878125,0.7721518987341772,0.782051282051282,0.7625,0.7625,0.7875,0.5499999999999998,61,17,63,19
XGBoost (Tabular Only),0.49999999999999994,0.7625,0.878125,0.7432432432432432,0.8088235294117647,0.6875,0.6875,0.8375,0.5249999999999999,55,13,67,25
XGBoost (Tabular Only),0.5499999999999999,0.75,0.878125,0.7142857142857143,0.8333333333333334,0.625,0.625,0.875,0.5,50,10,70,30
XGBoost (Tabular Only),0.6,0.725,0.878125,0.6615384615384615,0.86,0.5375,0.5375,0.9125,0.44999999999999996,43,7,73,37
XGBoost (Tabular Only),0.65,0.7,0.878125,0.6065573770491803,0.8809523809523809,0.4625,0.4625,0.9375,0.3999999999999999,37,5,75,43
XGBoost (Tabular Only),0.7,0.7,0.878125,0.5932203389830509,0.9210526315789473,0.4375,0.4375,0.9625,0.3999999999999999,35,3,77,45
XGBoost (Tabular Only),0.75,0.6875,0.878125,0.5535714285714286,0.96875,0.3875,0.3875,0.9875,0.375,31,1,79,49
XGBoost (Tabular Only),0.7999999999999999,0.65625,0.878125,0.47619047619047616,1.0,0.3125,0.3125,1.0,0.3125,25,0,80,55
XGBoost (Tabular Only),0.85,0.63125,0.878125,0.4158415841584159,1.0,0.2625,0.2625,1.0,0.26249999999999996,21,0,80,59
XGBoost (Tabular Only),0.9,0.60625,0.878125,0.3505154639175258,1.0,0.2125,0.2125,1.0,0.2124999999999999,17,0,80,63
XGBoost (Tabular Only),0.95,0.56875,0.878125,0.2417582417582418,1.0,0.1375,0.1375,1.0,0.13749999999999996,11,0,80,69
